listing_id,date,available,price,adjusted_price,minimum_nights,maximum_nights
11508,30/01/2025,f,60,,3,1125
11508,31/01/2025,f,60,,3,1125
11508,01/02/2025,f,60,,3,1125
11508,02/02/2025,f,60,,3,1125
11508,03/02/2025,f,60,,3,1125
11508,04/02/2025,f,60,,3,1125
11508,05/02/2025,f,60,,3,1125
11508,06/02/2025,f,60,,3,1125
11508,07/02/2025,f,60,,3,1125
11508,08/02/2025,f,60,,3,1125
11508,09/02/2025,f,60,,3,1125
11508,10/02/2025,t,60,,3,1125
11508,11/02/2025,t,60,,3,1125
11508,12/02/2025,t,60,,3,1125
11508,13/02/2025,t,60,,3,1125
11508,14/02/2025,f,60,,3,1125
11508,15/02/2025,f,60,,3,1125
11508,16/02/2025,f,60,,3,1125
11508,17/02/2025,f,60,,3,1125
11508,18/02/2025,f,60,,3,1125
11508,19/02/2025,f,60,,3,1125
11508,20/02/2025,f,60,,3,1125
11508,21/02/2025,f,60,,3,1125
11508,22/02/2025,f,60,,3,1125
11508,23/02/2025,f,60,,3,1125
11508,24/02/2025,f,60,,3,1125
11508,25/02/2025,f,60,,3,1125
11508,26/02/2025,f,60,,3,1125
11508,27/02/2025,f,60,,3,1125
11508,28/02/2025,f,60,,3,1125
11508,01/03/2025,f,60,,3,1125
11508,02/03/2025,f,60,,3,1125
11508,03/03/2025,f,60,,3,1125
11508,04/03/2025,f,60,,3,1125
11508,05/03/2025,f,60,,3,1125
11508,06/03/2025,f,60,,3,1125
11508,07/03/2025,f,60,,3,1125
11508,08/03/2025,f,60,,3,1125
11508,09/03/2025,f,60,,3,1125
11508,10/03/2025,f,60,,3,1125
11508,11/03/2025,f,60,,3,1125
11508,12/03/2025,f,60,,3,1125
11508,13/03/2025,f,60,,3,1125
11508,14/03/2025,f,60,,3,1125
11508,15/03/2025,f,60,,3,1125
11508,16/03/2025,f,60,,3,1125
11508,17/03/2025,f,60,,3,1125
11508,18/03/2025,f,60,,3,1125
11508,19/03/2025,f,60,,3,1125
11508,20/03/2025,f,60,,3,1125
11508,21/03/2025,f,60,,3,1125
11508,22/03/2025,f,60,,3,1125
11508,23/03/2025,f,60,,3,1125
11508,24/03/2025,f,60,,3,1125
11508,25/03/2025,f,60,,3,1125
11508,26/03/2025,f,60,,3,1125
11508,27/03/2025,f,60,,3,1125
11508,28/03/2025,f,60,,3,1125
11508,29/03/2025,f,60,,3,1125
11508,30/03/2025,f,60,,3,1125
11508,31/03/2025,f,60,,3,1125
11508,01/04/2025,f,60,,3,1125
11508,02/04/2025,f,60,,3,1125
11508,03/04/2025,f,60,,3,1125
11508,04/04/2025,f,60,,3,1125
11508,05/04/2025,f,60,,3,1125
11508,06/04/2025,f,60,,3,1125
11508,07/04/2025,f,60,,3,1125
11508,08/04/2025,f,60,,3,1125
11508,09/04/2025,t,60,,3,1125
11508,10/04/2025,t,60,,3,1125
11508,11/04/2025,t,60,,3,1125
11508,12/04/2025,t,60,,3,1125
11508,13/04/2025,t,60,,3,1125
11508,14/04/2025,t,60,,3,1125
11508,15/04/2025,t,60,,3,1125
11508,16/04/2025,t,60,,3,1125
11508,17/04/2025,t,60,,3,1125
11508,18/04/2025,t,60,,3,1125
11508,19/04/2025,t,60,,3,1125
11508,20/04/2025,t,60,,3,1125
11508,21/04/2025,t,60,,3,1125
11508,22/04/2025,t,60,,3,1125
11508,23/04/2025,t,60,,3,1125
11508,24/04/2025,t,60,,3,1125
11508,25/04/2025,t,60,,3,1125
11508,26/04/2025,t,60,,3,1125
11508,27/04/2025,t,60,,3,1125
11508,28/04/2025,t,60,,3,1125
11508,29/04/2025,t,60,,3,1125
11508,30/04/2025,t,60,,3,1125
11508,01/05/2025,t,60,,3,1125
11508,02/05/2025,t,60,,3,1125
11508,03/05/2025,t,60,,3,1125
11508,04/05/2025,t,60,,3,1125
11508,05/05/2025,t,60,,3,1125
11508,06/05/2025,t,60,,3,1125
11508,07/05/2025,t,60,,3,1125
11508,08/05/2025,t,60,,3,1125
11508,09/05/2025,t,60,,3,1125
11508,10/05/2025,t,60,,3,1125
11508,11/05/2025,t,60,,3,1125
11508,12/05/2025,t,60,,3,1125
11508,13/05/2025,t,60,,3,1125
11508,14/05/2025,t,60,,3,1125
11508,15/05/2025,t,60,,3,1125
11508,16/05/2025,t,60,,3,1125
11508,17/05/2025,t,60,,3,1125
11508,18/05/2025,t,60,,3,1125
11508,19/05/2025,t,60,,3,1125
11508,20/05/2025,t,60,,3,1125
11508,21/05/2025,t,60,,3,1125
11508,22/05/2025,t,60,,3,1125
11508,23/05/2025,t,60,,3,1125
11508,24/05/2025,t,60,,3,1125
11508,25/05/2025,t,60,,3,1125
11508,26/05/2025,t,60,,3,1125
11508,27/05/2025,t,60,,3,1125
11508,28/05/2025,t,60,,3,1125
11508,29/05/2025,t,60,,3,1125
11508,30/05/2025,t,60,,3,1125
11508,31/05/2025,t,60,,3,1125
11508,01/06/2025,t,60,,3,1125
11508,02/06/2025,t,60,,3,1125
11508,03/06/2025,t,60,,3,1125
11508,04/06/2025,t,60,,3,1125
11508,05/06/2025,t,60,,3,1125
11508,06/06/2025,t,60,,3,1125
11508,07/06/2025,t,60,,3,1125
11508,08/06/2025,t,60,,3,1125
11508,09/06/2025,t,60,,3,1125
11508,10/06/2025,t,60,,3,1125
11508,11/06/2025,t,60,,3,1125
11508,12/06/2025,t,60,,3,1125
11508,13/06/2025,t,60,,3,1125
11508,14/06/2025,t,60,,3,1125
11508,15/06/2025,t,60,,3,1125
11508,16/06/2025,t,60,,3,1125
11508,17/06/2025,t,60,,3,1125
11508,18/06/2025,t,60,,3,1125
11508,19/06/2025,t,60,,3,1125
11508,20/06/2025,t,60,,3,1125
11508,21/06/2025,t,60,,3,1125
11508,22/06/2025,t,60,,3,1125
11508,23/06/2025,t,60,,3,1125
11508,24/06/2025,t,60,,3,1125
11508,25/06/2025,t,60,,3,1125
11508,26/06/2025,t,60,,3,1125
11508,27/06/2025,t,60,,3,1125
11508,28/06/2025,t,60,,3,1125
11508,29/06/2025,t,60,,3,1125
11508,30/06/2025,t,60,,3,1125
11508,01/07/2025,t,60,,3,1125
11508,02/07/2025,t,60,,3,1125
11508,03/07/2025,t,60,,3,1125
11508,04/07/2025,t,60,,3,1125
11508,05/07/2025,t,60,,3,1125
11508,06/07/2025,t,60,,3,1125
11508,07/07/2025,t,60,,3,1125
11508,08/07/2025,t,60,,3,1125
11508,09/07/2025,t,60,,3,1125
11508,10/07/2025,t,60,,3,1125
11508,11/07/2025,t,60,,3,1125
11508,12/07/2025,t,60,,3,1125
11508,13/07/2025,t,60,,3,1125
11508,14/07/2025,t,60,,3,1125
11508,15/07/2025,t,60,,3,1125
11508,16/07/2025,t,60,,3,1125
11508,17/07/2025,t,60,,3,1125
11508,18/07/2025,t,60,,3,1125
11508,19/07/2025,t,60,,3,1125
11508,20/07/2025,t,60,,3,1125
11508,21/07/2025,t,60,,3,1125
11508,22/07/2025,t,60,,3,1125
11508,23/07/2025,t,60,,3,1125
11508,24/07/2025,t,60,,3,1125
11508,25/07/2025,t,60,,3,1125
11508,26/07/2025,t,60,,3,1125
11508,27/07/2025,t,60,,3,1125
11508,28/07/2025,t,60,,3,1125
11508,29/07/2025,t,60,,3,1125
11508,30/07/2025,t,60,,3,1125
11508,31/07/2025,t,60,,3,1125
11508,01/08/2025,t,60,,3,1125
11508,02/08/2025,t,60,,3,1125
11508,03/08/2025,t,60,,3,1125
11508,04/08/2025,t,60,,3,1125
11508,05/08/2025,t,60,,3,1125
11508,06/08/2025,t,60,,3,1125
11508,07/08/2025,t,60,,3,1125
11508,08/08/2025,t,60,,3,1125
11508,09/08/2025,t,60,,3,1125
11508,10/08/2025,t,60,,3,1125
11508,11/08/2025,t,60,,3,1125
11508,12/08/2025,t,60,,3,1125
11508,13/08/2025,t,60,,3,1125
11508,14/08/2025,t,60,,3,1125
11508,15/08/2025,t,60,,3,1125
11508,16/08/2025,t,60,,3,1125
11508,17/08/2025,t,60,,3,1125
11508,18/08/2025,t,60,,3,1125
11508,19/08/2025,t,60,,3,1125
11508,20/08/2025,t,60,,3,1125
11508,21/08/2025,t,60,,3,1125
11508,22/08/2025,t,60,,3,1125
11508,23/08/2025,t,60,,3,1125
11508,24/08/2025,t,60,,3,1125
11508,25/08/2025,t,60,,3,1125
11508,26/08/2025,t,60,,3,1125
11508,27/08/2025,t,60,,3,1125
11508,28/08/2025,t,60,,3,1125
11508,29/08/2025,t,60,,3,1125
11508,30/08/2025,t,60,,3,1125
11508,31/08/2025,t,60,,3,1125
11508,01/09/2025,t,60,,3,1125
11508,02/09/2025,t,60,,3,1125
11508,03/09/2025,t,60,,3,1125
11508,04/09/2025,t,60,,3,1125
11508,05/09/2025,t,60,,3,1125
11508,06/09/2025,t,60,,3,1125
11508,07/09/2025,t,60,,3,1125
11508,08/09/2025,t,60,,3,1125
11508,09/09/2025,t,60,,3,1125
11508,10/09/2025,t,60,,3,1125
11508,11/09/2025,t,60,,3,1125
11508,12/09/2025,t,60,,3,1125
11508,13/09/2025,t,60,,3,1125
11508,14/09/2025,t,60,,3,1125
11508,15/09/2025,t,60,,3,1125
11508,16/09/2025,t,60,,3,1125
11508,17/09/2025,t,60,,3,1125
11508,18/09/2025,t,60,,3,1125
11508,19/09/2025,t,60,,3,1125
11508,20/09/2025,t,60,,3,1125
11508,21/09/2025,t,60,,3,1125
11508,22/09/2025,t,60,,3,1125
11508,23/09/2025,t,60,,3,1125
11508,24/09/2025,t,60,,3,1125
11508,25/09/2025,t,60,,3,1125
11508,26/09/2025,t,60,,3,1125
11508,27/09/2025,t,60,,3,1125
11508,28/09/2025,t,60,,3,1125
11508,29/09/2025,t,60,,3,1125
11508,30/09/2025,t,60,,3,1125
11508,01/10/2025,t,60,,3,1125
11508,02/10/2025,t,60,,3,1125
11508,03/10/2025,t,60,,3,1125
11508,04/10/2025,t,60,,3,1125
11508,05/10/2025,t,60,,3,1125
11508,06/10/2025,t,60,,3,1125
11508,07/10/2025,t,60,,3,1125
11508,08/10/2025,t,60,,3,1125
11508,09/10/2025,t,60,,3,1125
11508,10/10/2025,t,60,,3,1125
11508,11/10/2025,t,60,,3,1125
11508,12/10/2025,t,60,,3,1125
11508,13/10/2025,t,60,,3,1125
11508,14/10/2025,t,60,,3,1125
11508,15/10/2025,t,60,,3,1125
11508,16/10/2025,t,60,,3,1125
11508,17/10/2025,t,60,,3,1125
11508,18/10/2025,t,60,,3,1125
11508,19/10/2025,t,60,,3,1125
11508,20/10/2025,t,60,,3,1125
11508,21/10/2025,t,60,,3,1125
11508,22/10/2025,t,60,,3,1125
11508,23/10/2025,t,60,,3,1125
11508,24/10/2025,t,60,,3,1125
11508,25/10/2025,t,60,,3,1125
11508,26/10/2025,t,60,,3,1125
11508,27/10/2025,t,60,,3,1125
11508,28/10/2025,t,60,,3,1125
11508,29/10/2025,t,60,,3,1125
11508,30/10/2025,t,60,,3,1125
11508,31/10/2025,t,60,,3,1125
11508,01/11/2025,t,60,,3,1125
11508,02/11/2025,t,60,,3,1125
11508,03/11/2025,t,60,,3,1125
11508,04/11/2025,t,60,,3,1125
11508,05/11/2025,t,60,,3,1125
11508,06/11/2025,t,60,,3,1125
11508,07/11/2025,t,60,,3,1125
11508,08/11/2025,t,60,,3,1125
11508,09/11/2025,t,60,,3,1125
11508,10/11/2025,t,60,,3,1125
11508,11/11/2025,t,60,,3,1125
11508,12/11/2025,t,60,,3,1125
11508,13/11/2025,t,60,,3,1125
11508,14/11/2025,t,60,,3,1125
11508,15/11/2025,t,60,,3,1125
11508,16/11/2025,t,60,,3,1125
11508,17/11/2025,t,60,,3,1125
11508,18/11/2025,t,60,,3,1125
11508,19/11/2025,t,60,,3,1125
11508,20/11/2025,t,60,,3,1125
11508,21/11/2025,t,60,,3,1125
11508,22/11/2025,t,60,,3,1125
11508,23/11/2025,t,60,,3,1125
11508,24/11/2025,t,60,,3,1125
11508,25/11/2025,t,60,,3,1125
11508,26/11/2025,t,60,,3,1125
11508,27/11/2025,t,60,,3,1125
11508,28/11/2025,t,60,,3,1125
11508,29/11/2025,t,60,,3,1125
11508,30/11/2025,t,60,,3,1125
11508,01/12/2025,t,60,,3,1125
11508,02/12/2025,t,60,,3,1125
11508,03/12/2025,t,60,,3,1125
11508,04/12/2025,t,60,,3,1125
11508,05/12/2025,t,60,,3,1125
11508,06/12/2025,t,60,,3,1125
11508,07/12/2025,t,60,,3,1125
11508,08/12/2025,t,60,,3,1125
11508,09/12/2025,t,60,,3,1125
11508,10/12/2025,t,60,,3,1125
11508,11/12/2025,t,60,,3,1125
11508,12/12/2025,t,60,,3,1125
11508,13/12/2025,t,60,,3,1125
11508,14/12/2025,t,60,,3,1125
11508,15/12/2025,t,60,,3,1125
11508,16/12/2025,t,60,,3,1125
11508,17/12/2025,t,60,,3,1125
11508,18/12/2025,t,60,,3,1125
11508,19/12/2025,t,60,,3,1125
11508,20/12/2025,t,60,,3,1125
11508,21/12/2025,t,60,,3,1125
11508,22/12/2025,t,60,,3,1125
11508,23/12/2025,t,60,,3,1125
11508,24/12/2025,t,60,,3,1125
11508,25/12/2025,t,60,,3,1125
11508,26/12/2025,t,60,,3,1125
11508,27/12/2025,t,60,,3,1125
11508,28/12/2025,t,60,,3,1125
11508,29/12/2025,t,60,,3,1125
11508,30/12/2025,t,60,,3,1125
11508,31/12/2025,t,60,,3,1125
11508,01/01/2026,t,60,,3,1125
11508,02/01/2026,t,60,,3,1125
11508,03/01/2026,t,60,,3,1125
11508,04/01/2026,t,60,,3,1125
11508,05/01/2026,t,60,,3,1125
11508,06/01/2026,t,60,,3,1125
11508,07/01/2026,t,60,,3,1125
11508,08/01/2026,t,60,,3,1125
11508,09/01/2026,t,60,,3,1125
11508,10/01/2026,t,60,,3,1125
11508,11/01/2026,t,60,,3,1125
11508,12/01/2026,t,60,,3,1125
11508,13/01/2026,t,60,,3,1125
11508,14/01/2026,t,60,,3,1125
11508,15/01/2026,t,60,,3,1125
11508,16/01/2026,t,60,,3,1125
11508,17/01/2026,t,60,,3,1125
11508,18/01/2026,t,60,,3,1125
11508,19/01/2026,t,60,,3,1125
11508,20/01/2026,t,60,,3,1125
11508,21/01/2026,t,60,,3,1125
11508,22/01/2026,t,60,,3,1125
11508,23/01/2026,t,60,,3,1125
11508,24/01/2026,t,60,,3,1125
11508,25/01/2026,t,60,,3,1125
11508,26/01/2026,t,60,,3,1125
11508,27/01/2026,t,60,,3,1125
11508,28/01/2026,t,60,,3,1125
11508,29/01/2026,t,60,,3,1125
14222,30/01/2025,t,35,,7,1125
65446,30/01/2025,f,120,,3,1125
65446,31/01/2025,f,120,,3,1125
65446,01/02/2025,f,120,,3,1125
65446,02/02/2025,f,120,,3,1125
65446,03/02/2025,f,120,,3,1125
65446,04/02/2025,f,120,,3,1125
65446,05/02/2025,f,120,,3,1125
65446,06/02/2025,f,120,,3,1125
65446,07/02/2025,f,120,,3,1125
65446,08/02/2025,f,120,,3,1125
65446,09/02/2025,f,120,,3,1125
65446,10/02/2025,f,120,,3,1125
65446,11/02/2025,f,120,,3,1125
65446,12/02/2025,f,120,,3,1125
65446,13/02/2025,f,120,,3,1125
65446,14/02/2025,f,120,,3,1125
65446,15/02/2025,f,120,,3,1125
65446,16/02/2025,f,120,,3,1125
65446,17/02/2025,f,120,,3,1125
65446,18/02/2025,f,120,,3,1125
65446,19/02/2025,f,120,,3,1125
65446,20/02/2025,f,120,,3,1125
65446,21/02/2025,f,120,,3,1125
65446,22/02/2025,f,120,,3,1125
65446,23/02/2025,f,120,,3,1125
65446,24/02/2025,f,120,,3,1125
65446,25/02/2025,f,120,,3,1125
65446,26/02/2025,f,120,,3,1125
65446,27/02/2025,f,120,,3,1125
65446,28/02/2025,f,120,,3,1125
65446,01/03/2025,f,120,,3,1125
65446,02/03/2025,f,120,,3,1125
65446,03/03/2025,f,120,,3,1125
65446,04/03/2025,t,120,,3,1125
65446,05/03/2025,t,120,,3,1125
65446,06/03/2025,t,120,,3,1125
65446,07/03/2025,t,120,,3,1125
65446,08/03/2025,t,120,,3,1125
65446,09/03/2025,f,120,,3,1125
65446,10/03/2025,f,120,,3,1125
65446,11/03/2025,f,120,,3,1125
65446,12/03/2025,f,120,,3,1125
65446,13/03/2025,f,120,,3,1125
65446,14/03/2025,f,120,,3,1125
65446,15/03/2025,f,120,,3,1125
65446,16/03/2025,f,120,,3,1125
65446,17/03/2025,f,120,,3,1125
65446,18/03/2025,f,120,,3,1125
65446,19/03/2025,f,120,,3,1125
65446,20/03/2025,f,120,,3,1125
65446,21/03/2025,f,120,,3,1125
65446,22/03/2025,f,120,,3,1125
65446,23/03/2025,f,120,,3,1125
65446,24/03/2025,f,120,,3,1125
65446,25/03/2025,f,120,,3,1125
65446,26/03/2025,f,120,,3,1125
65446,27/03/2025,f,120,,3,1125
65446,28/03/2025,f,120,,3,1125
65446,29/03/2025,f,120,,3,1125
65446,30/03/2025,f,120,,3,1125
65446,31/03/2025,f,120,,3,1125
65446,01/04/2025,t,120,,3,1125
65446,02/04/2025,t,120,,3,1125
65446,03/04/2025,t,120,,3,1125
65446,04/04/2025,t,120,,3,1125
65446,05/04/2025,t,120,,3,1125
65446,06/04/2025,t,120,,3,1125
65446,07/04/2025,t,120,,3,1125
65446,08/04/2025,t,120,,3,1125
65446,09/04/2025,t,120,,3,1125
65446,10/04/2025,t,120,,3,1125
65446,11/04/2025,t,120,,3,1125
65446,12/04/2025,t,120,,3,1125
65446,13/04/2025,t,120,,3,1125
65446,14/04/2025,t,120,,3,1125
65446,15/04/2025,t,120,,3,1125
65446,16/04/2025,t,120,,3,1125
65446,17/04/2025,t,120,,3,1125
65446,18/04/2025,t,120,,3,1125
65446,19/04/2025,t,120,,3,1125
65446,20/04/2025,t,120,,3,1125
65446,21/04/2025,t,120,,3,1125
65446,22/04/2025,t,120,,3,1125
65446,23/04/2025,t,120,,3,1125
65446,24/04/2025,t,120,,3,1125
65446,25/04/2025,f,120,,3,1125
65446,26/04/2025,f,120,,3,1125
65446,27/04/2025,f,120,,3,1125
65446,28/04/2025,t,120,,3,1125
65446,29/04/2025,t,120,,3,1125
65446,30/04/2025,t,120,,3,1125
65446,01/05/2025,t,120,,3,1125
65446,02/05/2025,t,120,,3,1125
65446,03/05/2025,t,120,,3,1125
65446,04/05/2025,t,120,,3,1125
65446,05/05/2025,t,120,,3,1125
65446,06/05/2025,t,120,,3,1125
65446,07/05/2025,t,120,,3,1125
65446,08/05/2025,t,120,,3,1125
65446,09/05/2025,t,120,,3,1125
65446,10/05/2025,t,120,,3,1125
65446,11/05/2025,t,120,,3,1125
65446,12/05/2025,t,120,,3,1125
65446,13/05/2025,t,120,,3,1125
65446,14/05/2025,t,120,,3,1125
65446,15/05/2025,t,120,,3,1125
65446,16/05/2025,t,120,,3,1125
65446,17/05/2025,t,120,,3,1125
65446,18/05/2025,t,120,,3,1125
65446,19/05/2025,t,120,,3,1125
65446,20/05/2025,t,120,,3,1125
65446,21/05/2025,t,120,,3,1125
65446,22/05/2025,t,120,,3,1125
65446,23/05/2025,t,120,,3,1125
65446,24/05/2025,t,120,,3,1125
65446,25/05/2025,t,120,,3,1125
65446,26/05/2025,t,120,,3,1125
65446,27/05/2025,t,120,,3,1125
65446,28/05/2025,t,120,,3,1125
65446,29/05/2025,t,120,,3,1125
65446,30/05/2025,t,120,,3,1125
65446,31/05/2025,t,120,,3,1125
65446,01/06/2025,t,120,,3,1125
65446,02/06/2025,t,120,,3,1125
65446,03/06/2025,t,120,,3,1125
65446,04/06/2025,t,120,,3,1125
65446,05/06/2025,t,120,,3,1125
65446,06/06/2025,t,120,,3,1125
65446,07/06/2025,t,120,,3,1125
65446,08/06/2025,t,120,,3,1125
65446,09/06/2025,t,120,,3,1125
65446,10/06/2025,t,120,,3,1125
65446,11/06/2025,t,120,,3,1125
65446,12/06/2025,t,120,,3,1125
65446,13/06/2025,t,120,,3,1125
65446,14/06/2025,t,120,,3,1125
65446,15/06/2025,t,120,,3,1125
65446,16/06/2025,t,120,,3,1125
65446,17/06/2025,t,120,,3,1125
65446,18/06/2025,t,120,,3,1125
65446,19/06/2025,t,120,,3,1125
65446,20/06/2025,t,120,,3,1125
65446,21/06/2025,t,120,,3,1125
65446,22/06/2025,t,120,,3,1125
65446,23/06/2025,t,120,,3,1125
65446,24/06/2025,t,120,,3,1125
65446,25/06/2025,t,120,,3,1125
65446,26/06/2025,t,120,,3,1125
65446,27/06/2025,t,120,,3,1125
65446,28/06/2025,t,120,,3,1125
65446,29/06/2025,t,120,,3,1125
65446,30/06/2025,t,120,,3,1125
65446,01/07/2025,t,120,,3,1125
65446,02/07/2025,t,120,,3,1125
65446,03/07/2025,t,120,,3,1125
65446,04/07/2025,t,120,,3,1125
65446,05/07/2025,t,120,,3,1125
65446,06/07/2025,t,120,,3,1125
65446,07/07/2025,t,120,,3,1125
65446,08/07/2025,t,120,,3,1125
65446,09/07/2025,t,120,,3,1125
65446,10/07/2025,t,120,,3,1125
65446,11/07/2025,t,120,,3,1125
65446,12/07/2025,t,120,,3,1125
65446,13/07/2025,t,120,,3,1125
65446,14/07/2025,t,120,,3,1125
65446,15/07/2025,t,120,,3,1125
65446,16/07/2025,t,120,,3,1125
65446,17/07/2025,t,120,,3,1125
65446,18/07/2025,t,120,,3,1125
65446,19/07/2025,t,120,,3,1125
65446,20/07/2025,t,120,,3,1125
65446,21/07/2025,t,120,,3,1125
65446,22/07/2025,t,120,,3,1125
65446,23/07/2025,t,120,,3,1125
65446,24/07/2025,t,120,,3,1125
65446,25/07/2025,t,120,,3,1125
65446,26/07/2025,t,120,,3,1125
65446,27/07/2025,t,120,,3,1125
65446,28/07/2025,t,120,,3,1125
65446,29/07/2025,t,120,,3,1125
65446,30/07/2025,t,120,,3,1125
65446,31/07/2025,t,120,,3,1125
65446,01/08/2025,t,120,,3,1125
65446,02/08/2025,t,120,,3,1125
65446,03/08/2025,t,120,,3,1125
65446,04/08/2025,t,120,,3,1125
65446,05/08/2025,t,120,,3,1125
65446,06/08/2025,t,120,,3,1125
65446,07/08/2025,t,120,,3,1125
65446,08/08/2025,t,120,,3,1125
65446,09/08/2025,t,120,,3,1125
65446,10/08/2025,t,120,,3,1125
65446,11/08/2025,t,120,,3,1125
65446,12/08/2025,t,120,,3,1125
65446,13/08/2025,t,120,,3,1125
65446,14/08/2025,t,120,,3,1125
65446,15/08/2025,t,120,,3,1125
65446,16/08/2025,t,120,,3,1125
65446,17/08/2025,t,120,,3,1125
65446,18/08/2025,t,120,,3,1125
65446,19/08/2025,t,120,,3,1125
65446,20/08/2025,t,120,,3,1125
65446,21/08/2025,t,120,,3,1125
65446,22/08/2025,t,120,,3,1125
65446,23/08/2025,t,120,,3,1125
65446,24/08/2025,t,120,,3,1125
65446,25/08/2025,t,120,,3,1125
65446,26/08/2025,t,120,,3,1125
65446,27/08/2025,t,120,,3,1125
65446,28/08/2025,t,120,,3,1125
65446,29/08/2025,t,120,,3,1125
65446,30/08/2025,t,120,,3,1125
65446,31/08/2025,t,120,,3,1125
65446,01/09/2025,t,120,,3,1125
65446,02/09/2025,t,120,,3,1125
65446,03/09/2025,t,120,,3,1125
65446,04/09/2025,t,120,,3,1125
65446,05/09/2025,t,120,,3,1125
65446,06/09/2025,t,120,,3,1125
65446,07/09/2025,t,120,,3,1125
65446,08/09/2025,t,120,,3,1125
65446,09/09/2025,t,120,,3,1125
65446,10/09/2025,t,120,,3,1125
65446,11/09/2025,t,120,,3,1125
65446,12/09/2025,t,120,,3,1125
65446,13/09/2025,t,120,,3,1125
65446,14/09/2025,t,120,,3,1125
65446,15/09/2025,t,120,,3,1125
65446,16/09/2025,t,120,,3,1125
65446,17/09/2025,t,120,,3,1125
65446,18/09/2025,t,120,,3,1125
65446,19/09/2025,t,120,,3,1125
65446,20/09/2025,t,120,,3,1125
65446,21/09/2025,t,120,,3,1125
65446,22/09/2025,t,120,,3,1125
65446,23/09/2025,t,120,,3,1125
65446,24/09/2025,t,120,,3,1125
65446,25/09/2025,t,120,,3,1125
65446,26/09/2025,t,120,,3,1125
65446,27/09/2025,t,120,,3,1125
65446,28/09/2025,t,120,,3,1125
65446,29/09/2025,t,120,,3,1125
65446,30/09/2025,t,120,,3,1125
65446,01/10/2025,t,120,,3,1125
65446,02/10/2025,t,120,,3,1125
65446,03/10/2025,t,120,,3,1125
65446,04/10/2025,t,120,,3,1125
65446,05/10/2025,t,120,,3,1125
65446,06/10/2025,t,120,,3,1125
65446,07/10/2025,t,120,,3,1125
65446,08/10/2025,t,120,,3,1125
65446,09/10/2025,t,120,,3,1125
65446,10/10/2025,t,120,,3,1125
65446,11/10/2025,t,120,,3,1125
65446,12/10/2025,t,120,,3,1125
65446,13/10/2025,t,120,,3,1125
65446,14/10/2025,t,120,,3,1125
65446,15/10/2025,t,120,,3,1125
65446,16/10/2025,t,120,,3,1125
65446,17/10/2025,t,120,,3,1125
65446,18/10/2025,t,120,,3,1125
65446,19/10/2025,t,120,,3,1125
65446,20/10/2025,t,120,,3,1125
65446,21/10/2025,t,120,,3,1125
65446,22/10/2025,t,120,,3,1125
65446,23/10/2025,t,120,,3,1125
65446,24/10/2025,t,120,,3,1125
65446,25/10/2025,t,120,,3,1125
65446,26/10/2025,t,120,,3,1125
65446,27/10/2025,t,120,,3,1125
65446,28/10/2025,t,120,,3,1125
65446,29/10/2025,t,120,,3,1125
65446,30/10/2025,t,120,,3,1125
65446,31/10/2025,t,120,,3,1125
65446,01/11/2025,t,120,,3,1125
65446,02/11/2025,t,120,,3,1125
65446,03/11/2025,t,120,,3,1125
65446,04/11/2025,t,120,,3,1125
65446,05/11/2025,t,120,,3,1125
65446,06/11/2025,t,120,,3,1125
65446,07/11/2025,t,120,,3,1125
65446,08/11/2025,t,120,,3,1125
65446,09/11/2025,t,120,,3,1125
65446,10/11/2025,t,120,,3,1125
65446,11/11/2025,t,120,,3,1125
65446,12/11/2025,t,120,,3,1125
65446,13/11/2025,t,120,,3,1125
65446,14/11/2025,t,120,,3,1125
65446,15/11/2025,t,120,,3,1125
65446,16/11/2025,t,120,,3,1125
65446,17/11/2025,t,120,,3,1125
65446,18/11/2025,t,120,,3,1125
14222,31/01/2025,t,35,,7,1125
14222,01/02/2025,t,35,,7,1125
14222,02/02/2025,t,35,,7,1125
14222,03/02/2025,t,35,,7,1125
14222,04/02/2025,f,35,,7,1125
14222,05/02/2025,f,35,,7,1125
14222,06/02/2025,f,35,,7,1125
14222,07/02/2025,f,35,,7,1125
14222,08/02/2025,f,35,,7,1125
14222,09/02/2025,f,35,,7,1125
14222,10/02/2025,f,35,,7,1125
14222,11/02/2025,f,35,,7,1125
14222,12/02/2025,f,35,,7,1125
14222,13/02/2025,f,35,,7,1125
14222,14/02/2025,f,35,,7,1125
14222,15/02/2025,f,35,,7,1125
14222,16/02/2025,f,35,,7,1125
14222,17/02/2025,f,35,,7,1125
14222,18/02/2025,f,35,,7,1125
14222,19/02/2025,f,35,,7,1125
14222,20/02/2025,f,35,,7,1125
14222,21/02/2025,t,35,,7,1125
14222,22/02/2025,t,35,,7,1125
14222,23/02/2025,t,35,,7,1125
14222,24/02/2025,t,35,,7,1125
14222,25/02/2025,t,35,,7,1125
14222,26/02/2025,t,35,,7,1125
14222,27/02/2025,t,35,,7,1125
14222,28/02/2025,t,35,,7,1125
14222,01/03/2025,t,35,,7,1125
14222,02/03/2025,t,35,,7,1125
14222,03/03/2025,t,35,,7,1125
14222,04/03/2025,t,35,,7,1125
14222,05/03/2025,t,35,,7,1125
14222,06/03/2025,t,35,,7,1125
14222,07/03/2025,t,35,,7,1125
14222,08/03/2025,t,35,,7,1125
14222,09/03/2025,t,35,,7,1125
14222,10/03/2025,t,35,,7,1125
14222,11/03/2025,t,35,,7,1125
14222,12/03/2025,t,35,,7,1125
14222,13/03/2025,t,35,,7,1125
14222,14/03/2025,t,35,,7,1125
14222,15/03/2025,t,35,,7,1125
14222,16/03/2025,t,35,,7,1125
14222,17/03/2025,t,35,,7,1125
14222,18/03/2025,t,35,,7,1125
14222,19/03/2025,t,35,,7,1125
14222,20/03/2025,t,35,,7,1125
14222,21/03/2025,t,35,,7,1125
14222,22/03/2025,t,35,,7,1125
14222,23/03/2025,t,35,,7,1125
14222,24/03/2025,t,35,,7,1125
14222,25/03/2025,t,35,,7,1125
14222,26/03/2025,t,35,,7,1125
14222,27/03/2025,t,35,,7,1125
14222,28/03/2025,t,35,,7,1125
14222,29/03/2025,t,35,,7,1125
14222,30/03/2025,t,35,,7,1125
14222,31/03/2025,t,35,,7,1125
14222,01/04/2025,f,35,,7,1125
14222,02/04/2025,f,35,,7,1125
14222,03/04/2025,f,35,,7,1125
14222,04/04/2025,f,35,,7,1125
14222,05/04/2025,f,35,,7,1125
14222,06/04/2025,f,35,,7,1125
14222,07/04/2025,f,35,,7,1125
14222,08/04/2025,f,35,,7,1125
14222,09/04/2025,f,35,,7,1125
14222,10/04/2025,f,35,,7,1125
14222,11/04/2025,f,35,,7,1125
14222,12/04/2025,f,35,,7,1125
14222,13/04/2025,f,35,,7,1125
14222,14/04/2025,f,35,,7,1125
14222,15/04/2025,f,35,,7,1125
14222,16/04/2025,f,35,,7,1125
14222,17/04/2025,f,35,,7,1125
14222,18/04/2025,f,35,,7,1125
14222,19/04/2025,f,35,,7,1125
14222,20/04/2025,f,35,,7,1125
14222,21/04/2025,f,35,,7,1125
14222,22/04/2025,f,35,,7,1125
14222,23/04/2025,f,35,,7,1125
14222,24/04/2025,f,35,,7,1125
14222,25/04/2025,f,35,,7,1125
14222,26/04/2025,f,35,,7,1125
14222,27/04/2025,f,35,,7,1125
14222,28/04/2025,f,35,,7,1125
14222,29/04/2025,f,35,,7,1125
14222,30/04/2025,f,35,,7,1125
14222,01/05/2025,f,35,,7,1125
14222,02/05/2025,f,35,,7,1125
14222,03/05/2025,f,35,,7,1125
14222,04/05/2025,f,35,,7,1125
14222,05/05/2025,f,35,,7,1125
14222,06/05/2025,f,35,,7,1125
14222,07/05/2025,f,35,,7,1125
14222,08/05/2025,f,35,,7,1125
14222,09/05/2025,f,35,,7,1125
14222,10/05/2025,f,35,,7,1125
14222,11/05/2025,f,35,,7,1125
14222,12/05/2025,f,35,,7,1125
14222,13/05/2025,f,35,,7,1125
14222,14/05/2025,f,35,,7,1125
14222,15/05/2025,f,35,,7,1125
14222,16/05/2025,f,35,,7,1125
14222,17/05/2025,f,35,,7,1125
14222,18/05/2025,f,35,,7,1125
14222,19/05/2025,f,35,,7,1125
14222,20/05/2025,f,35,,7,1125
14222,21/05/2025,f,35,,7,1125
14222,22/05/2025,f,35,,7,1125
14222,23/05/2025,f,35,,7,1125
14222,24/05/2025,f,35,,7,1125
14222,25/05/2025,f,35,,7,1125
14222,26/05/2025,f,35,,7,1125
14222,27/05/2025,f,35,,7,1125
14222,28/05/2025,f,35,,7,1125
14222,29/05/2025,f,35,,7,1125
14222,30/05/2025,f,35,,7,1125
14222,31/05/2025,f,35,,7,1125
14222,01/06/2025,f,35,,7,1125
14222,02/06/2025,f,35,,7,1125
14222,03/06/2025,f,35,,7,1125
14222,04/06/2025,f,35,,7,1125
14222,05/06/2025,f,35,,7,1125
14222,06/06/2025,f,35,,7,1125
14222,07/06/2025,f,35,,7,1125
14222,08/06/2025,f,35,,7,1125
14222,09/06/2025,f,35,,7,1125
14222,10/06/2025,f,35,,7,1125
14222,11/06/2025,f,35,,7,1125
14222,12/06/2025,f,35,,7,1125
14222,13/06/2025,f,35,,7,1125
14222,14/06/2025,f,35,,7,1125
14222,15/06/2025,f,35,,7,1125
14222,16/06/2025,f,35,,7,1125
14222,17/06/2025,f,35,,7,1125
14222,18/06/2025,f,35,,7,1125
14222,19/06/2025,f,35,,7,1125
14222,20/06/2025,f,35,,7,1125
14222,21/06/2025,f,35,,7,1125
14222,22/06/2025,f,35,,7,1125
14222,23/06/2025,f,35,,7,1125
14222,24/06/2025,f,35,,7,1125
14222,25/06/2025,f,35,,7,1125
14222,26/06/2025,f,35,,7,1125
14222,27/06/2025,f,35,,7,1125
14222,28/06/2025,f,35,,7,1125
14222,29/06/2025,f,35,,7,1125
14222,30/06/2025,f,35,,7,1125
14222,01/07/2025,f,35,,7,1125
14222,02/07/2025,f,35,,7,1125
14222,03/07/2025,f,35,,7,1125
14222,04/07/2025,f,35,,7,1125
14222,05/07/2025,f,35,,7,1125
14222,06/07/2025,f,35,,7,1125
14222,07/07/2025,f,35,,7,1125
14222,08/07/2025,f,35,,7,1125
14222,09/07/2025,f,35,,7,1125
14222,10/07/2025,f,35,,7,1125
14222,11/07/2025,f,35,,7,1125
14222,12/07/2025,f,35,,7,1125
14222,13/07/2025,f,35,,7,1125
14222,14/07/2025,f,35,,7,1125
14222,15/07/2025,f,35,,7,1125
14222,16/07/2025,f,35,,7,1125
14222,17/07/2025,f,35,,7,1125
14222,18/07/2025,f,35,,7,1125
14222,19/07/2025,f,35,,7,1125
14222,20/07/2025,f,35,,7,1125
14222,21/07/2025,f,35,,7,1125
14222,22/07/2025,f,35,,7,1125
14222,23/07/2025,f,35,,7,1125
14222,24/07/2025,f,35,,7,1125
14222,25/07/2025,f,35,,7,1125
14222,26/07/2025,f,35,,7,1125
14222,27/07/2025,f,35,,7,1125
14222,28/07/2025,f,35,,7,1125
14222,29/07/2025,f,35,,7,1125
14222,30/07/2025,f,35,,7,1125
14222,31/07/2025,f,35,,7,1125
14222,01/08/2025,f,35,,7,1125
14222,02/08/2025,f,35,,7,1125
14222,03/08/2025,f,35,,7,1125
14222,04/08/2025,f,35,,7,1125
14222,05/08/2025,f,35,,7,1125
14222,06/08/2025,f,35,,7,1125
14222,07/08/2025,f,35,,7,1125
14222,08/08/2025,f,35,,7,1125
14222,09/08/2025,f,35,,7,1125
14222,10/08/2025,f,35,,7,1125
14222,11/08/2025,f,35,,7,1125
14222,12/08/2025,f,35,,7,1125
14222,13/08/2025,f,35,,7,1125
14222,14/08/2025,f,35,,7,1125
14222,15/08/2025,f,35,,7,1125
14222,16/08/2025,f,35,,7,1125
14222,17/08/2025,f,35,,7,1125
14222,18/08/2025,f,35,,7,1125
14222,19/08/2025,f,35,,7,1125
14222,20/08/2025,f,35,,7,1125
14222,21/08/2025,f,35,,7,1125
14222,22/08/2025,f,35,,7,1125
14222,23/08/2025,f,35,,7,1125
14222,24/08/2025,f,35,,7,1125
14222,25/08/2025,f,35,,7,1125
14222,26/08/2025,f,35,,7,1125
14222,27/08/2025,f,35,,7,1125
14222,28/08/2025,f,35,,7,1125
14222,29/08/2025,f,35,,7,1125
14222,30/08/2025,f,35,,7,1125
14222,31/08/2025,f,35,,7,1125
14222,01/09/2025,f,35,,7,1125
14222,02/09/2025,f,35,,7,1125
14222,03/09/2025,f,35,,7,1125
14222,04/09/2025,f,35,,7,1125
14222,05/09/2025,f,35,,7,1125
14222,06/09/2025,f,35,,7,1125
14222,07/09/2025,f,35,,7,1125
14222,08/09/2025,f,35,,7,1125
14222,09/09/2025,f,35,,7,1125
14222,10/09/2025,f,35,,7,1125
14222,11/09/2025,f,35,,7,1125
14222,12/09/2025,f,35,,7,1125
14222,13/09/2025,f,35,,7,1125
14222,14/09/2025,f,35,,7,1125
14222,15/09/2025,f,35,,7,1125
14222,16/09/2025,f,35,,7,1125
14222,17/09/2025,f,35,,7,1125
14222,18/09/2025,f,35,,7,1125
14222,19/09/2025,f,35,,7,1125
14222,20/09/2025,f,35,,7,1125
14222,21/09/2025,f,35,,7,1125
14222,22/09/2025,f,35,,7,1125
14222,23/09/2025,f,35,,7,1125
14222,24/09/2025,f,35,,7,1125
14222,25/09/2025,f,35,,7,1125
14222,26/09/2025,f,35,,7,1125
14222,27/09/2025,f,35,,7,1125
14222,28/09/2025,f,35,,7,1125
14222,29/09/2025,f,35,,7,1125
14222,30/09/2025,f,35,,7,1125
14222,01/10/2025,f,35,,7,1125
14222,02/10/2025,f,35,,7,1125
14222,03/10/2025,f,35,,7,1125
14222,04/10/2025,f,35,,7,1125
14222,05/10/2025,f,35,,7,1125
14222,06/10/2025,f,35,,7,1125
14222,07/10/2025,f,35,,7,1125
14222,08/10/2025,f,35,,7,1125
14222,09/10/2025,f,35,,7,1125
14222,10/10/2025,f,35,,7,1125
14222,11/10/2025,f,35,,7,1125
14222,12/10/2025,f,35,,7,1125
14222,13/10/2025,f,35,,7,1125
14222,14/10/2025,f,35,,7,1125
14222,15/10/2025,f,35,,7,1125
14222,16/10/2025,f,35,,7,1125
14222,17/10/2025,f,35,,7,1125
14222,18/10/2025,f,35,,7,1125
14222,19/10/2025,f,35,,7,1125
14222,20/10/2025,f,35,,7,1125
14222,21/10/2025,f,35,,7,1125
14222,22/10/2025,f,35,,7,1125
14222,23/10/2025,f,35,,7,1125
14222,24/10/2025,f,35,,7,1125
14222,25/10/2025,f,35,,7,1125
14222,26/10/2025,f,35,,7,1125
14222,27/10/2025,f,35,,7,1125
14222,28/10/2025,f,35,,7,1125
14222,29/10/2025,f,35,,7,1125
14222,30/10/2025,f,35,,7,1125
14222,31/10/2025,f,35,,7,1125
14222,01/11/2025,f,35,,7,1125
14222,02/11/2025,f,35,,7,1125
14222,03/11/2025,f,35,,7,1125
14222,04/11/2025,f,35,,7,1125
14222,05/11/2025,f,35,,7,1125
14222,06/11/2025,f,35,,7,1125
14222,07/11/2025,f,35,,7,1125
14222,08/11/2025,f,35,,7,1125
14222,09/11/2025,f,35,,7,1125
14222,10/11/2025,f,35,,7,1125
14222,11/11/2025,f,35,,7,1125
14222,12/11/2025,f,35,,7,1125
14222,13/11/2025,f,35,,7,1125
14222,14/11/2025,f,35,,7,1125
14222,15/11/2025,f,35,,7,1125
14222,16/11/2025,f,35,,7,1125
14222,17/11/2025,f,35,,7,1125
14222,18/11/2025,f,35,,7,1125
14222,19/11/2025,f,35,,7,1125
14222,20/11/2025,f,35,,7,1125
14222,21/11/2025,f,35,,7,1125
14222,22/11/2025,f,35,,7,1125
14222,23/11/2025,f,35,,7,1125
14222,24/11/2025,f,35,,7,1125
14222,25/11/2025,f,35,,7,1125
14222,26/11/2025,f,35,,7,1125
14222,27/11/2025,f,35,,7,1125
14222,28/11/2025,f,35,,7,1125
14222,29/11/2025,f,35,,7,1125
14222,30/11/2025,f,35,,7,1125
14222,01/12/2025,f,35,,7,1125
14222,02/12/2025,f,35,,7,1125
14222,03/12/2025,f,35,,7,1125
14222,04/12/2025,f,35,,7,1125
14222,05/12/2025,f,35,,7,1125
14222,06/12/2025,f,35,,7,1125
14222,07/12/2025,f,35,,7,1125
14222,08/12/2025,f,35,,7,1125
14222,09/12/2025,f,35,,7,1125
14222,10/12/2025,f,35,,7,1125
14222,11/12/2025,f,35,,7,1125
14222,12/12/2025,f,35,,7,1125
14222,13/12/2025,f,35,,7,1125
14222,14/12/2025,f,35,,7,1125
14222,15/12/2025,f,35,,7,1125
14222,16/12/2025,f,35,,7,1125
14222,17/12/2025,f,35,,7,1125
14222,18/12/2025,f,35,,7,1125
14222,19/12/2025,f,35,,7,1125
14222,20/12/2025,f,35,,7,1125
14222,21/12/2025,f,35,,7,1125
14222,22/12/2025,f,35,,7,1125
14222,23/12/2025,f,35,,7,1125
14222,24/12/2025,f,35,,7,1125
14222,25/12/2025,f,35,,7,1125
14222,26/12/2025,f,35,,7,1125
14222,27/12/2025,f,35,,7,1125
14222,28/12/2025,f,35,,7,1125
14222,29/12/2025,f,35,,7,1125
14222,30/12/2025,f,35,,7,1125
14222,31/12/2025,f,35,,7,1125
14222,01/01/2026,f,35,,7,1125
14222,02/01/2026,f,35,,7,1125
14222,03/01/2026,f,35,,7,1125
14222,04/01/2026,f,35,,7,1125
14222,05/01/2026,f,35,,7,1125
14222,06/01/2026,f,35,,7,1125
